scenario	seed	fold	spatial_r2	elastic_r2	best_single_r2	gain	strength
single	20260814	3	0.0959229259884223	0.0959231050025662	0.1390868839685909	-1.7901414391119364e-07	0.0
single	20260814	2	0.9609317302325718	0.9609317080649858	0.9625292816729778	2.216758598905244e-08	0.0
single	20260814	1	0.9836945232047506	0.9836945207299213	0.9836604033520472	2.4748293414589284e-09	0.0
single	20260814	0	0.915564943909292	0.9155649057032208	0.9121786622529476	3.8206071195645563e-08	0.0
single	20260814	4	-0.4273215687520213	-0.4273210600910855	-0.5201767091907326	-5.086609358162519e-07	0.0
single	20260824	0	0.9502983967460767	0.9502983813584924	0.952810164989435	1.53875843178497e-08	0.0
single	20260824	1	0.982617236397152	0.9826172341565697	0.9802514830498013	2.2405823862925445e-09	0.0
single	20260824	2	0.9742836512003348	0.9742836561682848	0.9754168369589123	-4.967950051337766e-09	0.0
single	20260824	3	0.6212511670794103	0.621251246742142	0.6286736885501064	-7.96627317445342e-08	0.0
single	20260824	4	-0.5560953877947763	-0.5560954125139328	-0.6262905431246957	2.4719156499486417e-08	0.0
single	20260834	0	0.9269998090908048	0.9269998323827208	0.928888349002802	-2.3291915951517694e-08	0.0
single	20260834	1	0.9770964480013044	0.9770964483745128	0.9761779615549928	-3.732084641328015e-10	0.0
single	20260834	2	0.9677479676905478	0.9677479747702358	0.9678691684066584	-7.079687946998092e-09	0.0
single	20260834	3	0.5219825963785971	0.5219829697018468	0.4711720746806793	-3.733232496472283e-07	0.0
single	20260834	4	-1.456167275603811	-1.456165470643656	-0.7800222739754299	-1.8049601551162198e-06	0.0
redundant	20260814	0	0.9083165179349102	0.908316506924016	0.8857446067810125	1.1010894196417098e-08	0.0
redundant	20260814	1	0.9840578912826669	0.9840578810448624	0.9823460774578708	1.0237804493051783e-08	0.0
redundant	20260814	2	0.9766784799840208	0.9766784788423396	0.9683250007277506	1.1416811940279104e-09	0.0
redundant	20260814	3	-0.7412277992908061	-0.7412284779363392	-0.9422944664506888	6.786455331031505e-07	0.0
redundant	20260814	4	-0.1328067879695171	-0.1328067291825945	-0.4176010459058945	-5.878692257987872e-08	0.0
redundant	20260824	0	0.955568733287302	0.9555687443140672	0.9469425916466372	-1.1026765278643325e-08	0.0
redundant	20260824	1	0.9743662217643868	0.974366216653222	0.9759551957217236	5.111164824711523e-09	0.0
redundant	20260824	2	0.9629288818134532	0.962928873360998	0.9615335029122426	8.452455180218976e-09	0.0
redundant	20260824	3	0.6149923429661863	0.6149922852859493	0.462597752102925	5.768023703112135e-08	0.0
redundant	20260824	4	-0.8083638231492127	-0.8083603923701617	-0.8010639392718575	-3.4307790510723635e-06	0.0
redundant	20260834	1	0.9763154974119314	0.9763154989076496	0.973940093423892	-1.4957182159491822e-09	0.0
redundant	20260834	0	0.9166850790769684	0.91668507428986	0.9017186472179058	4.787108376369531e-09	0.0
redundant	20260834	2	0.9677978356734666	0.9677978577028165	0.9602359117772014	-2.2029349899810313e-08	0.0
redundant	20260834	3	0.1496695451391002	0.1496692592199247	0.0700407902881237	2.859191755022472e-07	0.0
redundant	20260834	4	-0.2051430545728521	-0.2051428207381682	-0.5794054226641123	-2.3383468389370776e-07	0.0
complementary	20260814	1	0.7753992357633722	0.7753992599223335	-1.10132954595861	-2.415896127594408e-08	0.0
complementary	20260814	0	0.8499529102708056	0.8499529023626945	-0.3917913463542932	7.908111054888423e-09	0.0
complementary	20260814	2	0.6129361742750226	0.6129361975820571	0.1070179057342561	-2.330703452457783e-08	0.0
complementary	20260814	3	0.858162378800917	0.858162390801747	-0.6890924378201306	-1.2000830107439242e-08	0.0
complementary	20260814	4	0.7935845685041882	0.7935845363546967	-0.5167457685644441	3.214949151342239e-08	0.0
complementary	20260824	0	0.8313793009871717	0.8313793278298066	0.1570944462648418	-2.684263489260985e-08	0.0
complementary	20260824	1	0.8415112717946908	0.8415113059027097	-0.9618569901062012	-3.410801896475135e-08	0.0
complementary	20260824	2	0.6807369347586014	0.6807369186139283	0.2683060620233214	1.614467315391721e-08	0.0
complementary	20260824	4	0.8316771863029138	0.8316770953623132	-0.4975916692780373	9.09406006055491e-08	0.0
complementary	20260824	3	0.8345423551740265	0.834542408405234	-0.6030488225937711	-5.323120744193943e-08	0.0
complementary	20260834	0	0.8104662107408084	0.8104662648510679	-0.4777058806022698	-5.411025949531023e-08	0.0
complementary	20260834	1	0.8010676770751135	0.8010676055318484	-0.8598629162758171	7.154326508995723e-08	0.0
complementary	20260834	2	0.6008951773908684	0.6008951869206246	0.219549523291923	-9.52975620638341e-09	0.0
complementary	20260834	3	0.7980372943350011	0.7980373587651752	-0.7773962023234888	-6.443017408486185e-08	0.0
complementary	20260834	4	0.925676180191364	0.9269588476443102	0.1437247885348033	-0.0012826674529462512	1.0
partial_switching	20260814	1	0.5627634389661129	0.5627632613455259	-1.0483846595536166	1.776205870163139e-07	0.0
partial_switching	20260814	0	0.711288685331125	0.7112886010653507	-0.2384434979740943	8.426577424724968e-08	0.0
partial_switching	20260814	2	0.1948168754129997	0.1948170073611992	0.2029286085966017	-1.3194819950546055e-07	0.0
partial_switching	20260814	3	0.6877406206751815	0.6877405965817254	-0.6823180602965118	2.409345611908975e-08	0.0
partial_switching	20260814	4	0.6822576753473895	0.6822575466340074	-0.4040514196724172	1.2871338206377203e-07	0.0
partial_switching	20260824	1	0.6310330061002607	0.6310331095388804	-0.980941370660484	-1.0343861966966017e-07	0.0
partial_switching	20260824	0	0.678224793954267	0.6782246182557929	0.0090103713812654	1.7569847410303652e-07	0.0
partial_switching	20260824	3	0.6627504633214172	0.6627503832692884	-0.5475734349098922	8.005212881467827e-08	0.0
partial_switching	20260824	2	0.3401620799808372	0.3401619871838419	0.3872982689754498	9.279699531017371e-08	0.0
partial_switching	20260824	4	0.6980200896688904	0.6980200684388019	-0.4140469108710758	2.12300884649963e-08	0.0
partial_switching	20260834	0	0.7766165213293181	0.7766167136091302	-0.3678313478293971	-1.9227981207237121e-07	0.0
partial_switching	20260834	1	0.6341732920580312	0.6257842904768928	-0.886172785356754	0.008389001581138422	1.0
partial_switching	20260834	2	0.3332233990037958	0.333223797507958	0.3228050717822125	-3.9850416222453333e-07	0.0
partial_switching	20260834	3	0.6612482042075003	0.6539094711105472	-0.7962758928269107	0.007338733096953098	1.0
partial_switching	20260834	4	0.8682968870092074	0.8682968495991308	0.0506114120364428	3.741007659208151e-08	0.0
unrelated_missing_factor	20260814	0	-0.6633091683382748	-0.6633092614818186	-0.6818007849343988	9.314354376677159e-08	0.0
unrelated_missing_factor	20260814	1	-1.2998765474585174	-1.2998766692928991	-1.362543052356727	1.2183438169444116e-07	0.0
unrelated_missing_factor	20260814	2	0.0249389044487571	0.0249389289490614	0.0027130786211659	-2.450030430270478e-08	0.0
unrelated_missing_factor	20260814	3	-43.113821048967246	-43.113821123786245	-44.349440106722696	7.481899899630662e-08	0.0
unrelated_missing_factor	20260814	4	-465.53808267867976	-465.5381745612461	-529.795651278192	9.188256632342018e-05	0.0
unrelated_missing_factor	20260824	0	-1.468025344026484	-1.4680255394771755	-1.7201926052681251	1.954506914092491e-07	0.0
unrelated_missing_factor	20260824	1	-0.7884142091154722	-0.788414219566065	-0.6885783133078585	1.0450592835553607e-08	0.0
unrelated_missing_factor	20260824	2	-0.1156203967058409	-0.1156202928460783	-0.2825702221579309	-1.0385976259574825e-07	0.0
unrelated_missing_factor	20260824	3	-30.644535167544493	-30.64451829739028	-25.103766125213262	-1.687015421225624e-05	0.0
unrelated_missing_factor	20260824	4	-31.533419209614124	-31.53342887394753	-21.40748354859593	9.664333404657555e-06	0.0
unrelated_missing_factor	20260834	0	-1.2355662773601184	-1.2355660457124211	-1.2639042321319829	-2.3164769724637324e-07	0.0
unrelated_missing_factor	20260834	1	-1.1509268153104624	-1.1509270503850098	-1.1490780883075704	2.3507454738336264e-07	0.0
unrelated_missing_factor	20260834	2	0.0518728444308786	0.0518728386519883	0.101558866298954	5.778890296848083e-09	0.0
unrelated_missing_factor	20260834	3	-25.741784986314364	-25.741786479257254	-26.303400503642337	1.4929428893140084e-06	0.0
unrelated_missing_factor	20260834	4	-189.80858526725208	-189.80860103249623	-185.0692060455523	1.5765244143040036e-05	0.0
